{
  "tfidf_index_time_seconds": 0.8287942919996567,
  "dense_index_time_seconds": 42.93799037500139,
  "average_tfidf_latency_seconds": 0.00699426597202546,
  "average_sbert_latency_seconds": 0.012546679395716638,
  "average_hybrid_latency_seconds": 0.058780016207892916,
  "average_two_stage_latency_seconds": 0.03959364016779,
  "hybrid_alpha": 0.5,
  "two_stage_candidate_size": 100,
  "sbert_model": "all-MiniLM-L6-v2",
  "tfidf_ngram_range": "(1, 2)"
}