{
  "tfidf_index_time_seconds": 0.8349855829997068,
  "dense_index_time_seconds": 44.62646450000011,
  "average_tfidf_latency_seconds": 0.007899743359997956,
  "average_sbert_latency_seconds": 0.054519121163997625,
  "average_hybrid_latency_seconds": 0.05934972648001167,
  "average_two_stage_latency_seconds": 0.04109187454398852,
  "hybrid_alpha": 0.5,
  "two_stage_candidate_size": 100,
  "sbert_model": "all-MiniLM-L6-v2",
  "tfidf_ngram_range": "(1, 2)"
}