{
  "tfidf_index_time_seconds": 0.9277376250101952,
  "dense_index_time_seconds": 96.41471641599492,
  "average_tfidf_latency_seconds": 0.008988005015999079,
  "average_sbert_latency_seconds": 0.024912666143500246,
  "average_hybrid_latency_seconds": 0.05834281009656843,
  "average_two_stage_latency_seconds": 0.05528641679615248,
  "hybrid_alpha": 0.5,
  "two_stage_candidate_size": 100,
  "sbert_model": "all-MiniLM-L6-v2",
  "tfidf_ngram_range": "(1, 2)"
}